playlist,track_id,track_name,artist_name,album_name,release_date,popularity,added_at
Top 50 - United States,0je57Uq5eTk1wrPzn9sWbl,When Did You Get Hot?,Sabrina Carpenter,Man’s Best Friend,2025-08-29,92,2025-10-02T21:13:16Z
Top 50 - United States,1CPZ5BxNNd0n0nF4Orb9JS,Golden,"HUNTR/X, EJAE, AUDREY NUNA, REI AMI, KPop Demon Hunters Cast",KPop Demon Hunters (Soundtrack from the Netflix Film),2025-06-20,100,2025-10-02T21:13:16Z
Top 50 - United States,1qbmS6ep2hbBRaEZFpn7BX,Man I Need,Olivia Dean,Man I Need,2025-08-15,94,2025-10-02T21:13:16Z
Top 50 - United States,7qjZnBKE73H4Oxkopwulqe,back to friends,sombr,I Barely Know Her,2025-08-22,91,2025-10-02T21:13:16Z
Top 50 - United States,6Cf1vqSNtka62rt74OQwjk,Somewhere Only We Know,Umur Anil Gokdag,Somewhere Only We Know,2022-12-09,57,2025-10-02T21:13:16Z
Top 50 - United States,04a44cx2PJthIbN2aLMXhl,TIT FOR TAT,Tate McRae,TIT FOR TAT,2025-09-26,86,2025-10-02T21:13:16Z
Top 50 - United States,1BrQRA3j6Ua6zj6xvb2mU7,Sugar On My Tongue,"Tyler, The Creator",DON'T TAP THE GLASS,2025-07-20,61,2025-10-02T21:13:16Z
Top 50 - United States,42VUCXerQ5qTr4Qp6PhKo4,Tears,Sabrina Carpenter,Man’s Best Friend,2025-08-29,94,2025-10-02T21:13:16Z
Top 50 - United States,6qqrTXSdwiJaq8SO0X2lSe,Ordinary,Alex Warren,Ordinary,2025-02-07,92,2025-10-02T21:13:16Z
Top 50 - United States,1kBxioGjH3oHJyihNfaP3r,Around The World (La La La La),"Umur Anil Gokdag, Ascence",Around The World (La La La La),2023-09-10,51,2025-10-02T21:13:16Z
Top 50 - United States,48NthgcgfoRrWT8LtgW28A,What I Want (feat. Tate McRae),"Morgan Wallen, Tate McRae",I’m The Problem,2025-05-16,71,2025-10-02T21:13:16Z
Top 50 - United States,7rcbwjIaZ5jEgyFk35Bqfj,DAISIES,Justin Bieber,SWAG,2025-07-11,77,2025-10-02T21:13:16Z
Top 50 - United States,1mL7JyGfEeyT6TAgkuv7PC,"CLICK, FLASH! (Main Character)",sped up kid,"CLICK, FLASH! (Main Character)",2025-08-20,50,2025-10-02T21:13:16Z
Top 50 - United States,6dOtVTDdiauQNBQEDOtlAB,BIRDS OF A FEATHER,Billie Eilish,HIT ME HARD AND SOFT,2024-05-17,94,2025-10-02T21:13:16Z
Top 50 - United States,3r96oniuNKeciRpvF3GwHn,Animals,Umur Anil Gokdag,Animals,2024-03-25,53,2025-10-02T21:13:16Z
Top 50 - United States,1UNEuG9DYOWiikf00ayr52,Love Me Not,Ravyn Lenae,Love Me Not / Love Is Blind,2024-05-03,85,2025-10-02T21:13:16Z
Top 50 - United States,2KseL1yk7NA20n9TzHWYJW,Where We Gon' Go (Step by Step),MNA55,Where We Gon' Go (Step by Step),2024-06-21,53,2025-10-02T21:13:16Z
Top 50 - United States,4bkGwbQLNFsAAt0mBNsXEM,Nobody’s Son,Sabrina Carpenter,Man’s Best Friend,2025-08-29,57,2025-10-02T21:13:16Z
Top 50 - United States,2yWlGEgEfPot0lv3OAjuG3,Just Keep Watching (From F1® The Movie),"Tate McRae, F1 The Album",Just Keep Watching (From F1® The Movie),2025-05-30,91,2025-10-02T21:13:16Z
Top 50 - United States,6y29RB4vTw1y5u0VNohTUt,This Is The Life,"Umur Anil Gokdag, Benedetta Caretta",This Is The Life,2024-03-26,53,2025-10-02T21:13:16Z
Top 50 - United States,3siwsiaEoU4Kuuc9WKMUy5,No One Noticed,The Marías,Submarine,2024-05-31,90,2025-10-02T21:13:16Z
Top 50 - United States,43fM9DfHvU8Kng7yinL597,The Subway,Chappell Roan,The Subway,2025-08-01,56,2025-10-02T21:13:16Z
Top 50 - United States,6za6uJSd8wJcXhwmbRkUsk,I Need Your Love,coolerthanyourboyfriend.,I Need Your Love,2023-10-31,50,2025-10-02T21:13:16Z
Top 50 - United States,2plbrEY59IikOBgBGLjaoe,Die With A Smile,"Lady Gaga, Bruno Mars",Die With A Smile,2024-08-16,92,2025-10-02T21:13:16Z
Top 50 - United States,3Dgrdg74tFa313lkCJRWXG,heather - Sped Up Version,"Umur Anil Gokdag, sped up kid",heather (Sped Up Version),2023-09-18,38,2025-10-02T21:13:16Z
Top 50 - United States,4AajxCEwGEsmHmT4H1TwjY,undressed,sombr,undressed,2025-03-21,88,2025-10-02T21:13:16Z
Top 50 - United States,76Yg7jXJt9wkXEHSQoIINp,About You,MNA55,About You,2025-04-17,53,2025-10-02T21:13:16Z
Top 50 - United States,7u7IqryLFAygWFz6bsEB7y,Blue Strips,Jessie Murph,Blue Strips,2025-04-11,77,2025-10-02T21:13:16Z
Top 50 - United States,699n0PWczOUvXqKSrLplCv,Manchild,Sabrina Carpenter,Manchild,2025-06-05,63,2025-10-02T21:13:16Z
Top 50 - United States,61p7JH9L1xZvU6ioJeN2zJ,SURVIVOR,"Umur Anil Gokdag, Ascence",SURVIVOR,2023-06-19,55,2025-10-02T21:13:16Z
Top 50 - United States,2262bWmqomIaJXwCRHr13j,Sailor Song,Gigi Perez,Sailor Song,2024-07-26,87,2025-10-02T21:13:16Z
Top 50 - United States,1hSRNnc8dfojAeBZXbzkqu,stay.,coolerthanyourboyfriend.,stay.,2023-03-27,52,2025-10-02T21:13:16Z
Top 50 - United States,221eHga9f9Ne4f8D7WVgPT,Mystical Magical,Benson Boone,Mystical Magical,2025-04-24,83,2025-10-02T21:13:16Z
Top 50 - United States,02Ya2Q08bBKFqUJvjmyRXK,Just In Case,Morgan Wallen,Just In Case,2025-03-21,77,2025-10-02T21:13:16Z
Top 50 - United States,70zZhEDOfVzrFC1Ubqe5sR,hate u love u,"Umur Anil Gokdag, Ascence",hate u love u,2024-07-18,51,2025-10-02T21:13:16Z
Top 50 - United States,6wHpLMmp98aHcV8L1JFrj8,Eternity,Alex Warren,"You'll Be Alright, Kid",2025-07-18,89,2025-10-02T21:13:16Z
Top 50 - United States,7ne4VBA60CxGM75vw0EYad,That’s So True,Gracie Abrams,The Secret of Us (Deluxe),2024-10-18,90,2025-10-02T21:13:16Z
Top 50 - United States,6ODRkVKzrKqZ5tKAbSoQJV,Can You Feel It?,MNA55,Can You Feel It?,2025-01-14,49,2025-10-02T21:13:16Z
Top 50 - United States,5vNRhkKd0yEAg8suGBpjeY,APT.,"ROSÉ, Bruno Mars",APT.,2024-10-18,89,2025-10-02T21:13:16Z
Top 50 - United States,7kXbkpu6QzRdSl15PzjJx3,Silence,"Umur Anil Gokdag, Ascence",Silence,2023-05-29,52,2025-10-02T21:13:16Z
Top 50 - United States,2zOmS55knKWSgScYPTNmGQ,Sports car,Tate McRae,Sports car,2025-01-24,80,2025-10-02T21:13:16Z
Top 50 - United States,1k2pQc5i348DCHwbn5KTdc,Pink Pony Club,Chappell Roan,The Rise and Fall of a Midwest Princess,2023-09-22,85,2025-10-02T21:13:16Z
Top 50 - United States,6OaTEOyv0voEMJ3Dh0NyYG,Watch Me Now,coolerthanyourboyfriend.,Watch Me Now,2024-02-21,50,2025-10-02T21:13:16Z
Top 50 - United States,5ZLUm9eab8y3tqQ1OhQSHI,Abracadabra,Lady Gaga,Abracadabra,2025-02-03,82,2025-10-02T21:13:16Z
Top 50 - United States,5hRGVmAudNvg3g55v8YReR,Sweater Weather,"Umur Anil Gokdag, Ascence",Sweater Weather,2023-05-04,54,2025-10-02T21:13:16Z
Top 50 - United States,3QaPy1KgI7nu9FJEQUgn6h,WILDFLOWER,Billie Eilish,HIT ME HARD AND SOFT,2024-05-17,92,2025-10-02T21:13:16Z
Top 50 - United States,7vDESC215QCg18046TZfWu,Ram Pam Pam,MNA55,Ram Pam Pam,2025-03-05,51,2025-10-02T21:13:16Z
Top 50 - United States,45J4avUb9Ni0bnETYaYFVJ,luther (with sza),"Kendrick Lamar, SZA",GNX,2024-11-22,83,2025-10-02T21:13:16Z
Top 50 - United States,3Eb23lmJSCxgntqQnchFo8,Cold Heart,"Umur Anil Gokdag, Jennifer Victor",Cold Heart,2022-08-12,49,2025-10-02T21:13:16Z
Top 50 - United States,0WbMK4wrZ1wFSty9F7FCgu,"Good Luck, Babe!",Chappell Roan,"Good Luck, Babe!",2024-04-05,89,2025-10-02T21:13:16Z
Top 50 - Great Britain,7qiZfU4dY1lWllzX7mPBI3,Shape of You,Ed Sheeran,÷ (Deluxe),2017-03-03,88,2024-07-18T21:53:35Z
Top 50 - Great Britain,0tgVpDi06FyKpA1z0VMD4v,Perfect,Ed Sheeran,÷ (Deluxe),2017-03-03,88,2022-06-30T22:25:13Z
Top 50 - Great Britain,34gCuhDGsG4bRPIf9bb02f,Thinking out Loud,Ed Sheeran,x (Deluxe Edition),2014-06-21,83,2024-06-27T22:30:40Z
Top 50 - Great Britain,1KxwZYyzWNyZSRyErj2ojT,Let Her Go,Passenger,All the Little Lights,2012-06-29,1,2022-06-30T22:25:13Z
Top 50 - Great Britain,62PaSfnXSMyLshYJrlTuL3,Hello,Adele,Hello,2015-10-23,2,2022-06-30T22:25:13Z
Top 50 - Great Britain,3hBzKgqQKkChH9hyb3MhmT,I Think I Like You Better When You’re Gone,Reneé Rapp,BITE ME,2025-08-01,81,2025-10-02T10:51:44Z
Top 50 - Great Britain,4CqrJ0E8ScO8dRpCji1Mgg,New Rules,Dua Lipa,Summer Hits 2023,2023-04-14,42,2024-06-27T22:30:40Z
Top 50 - Great Britain,4gXCwck3AxjVFukMjtAiDo,Rockabye,"Clean Bandit, Sean Paul, Anne-Marie",Maldivas,2023-06-16,43,2024-07-21T06:50:57Z
Top 50 - Great Britain,1c8gk2PeTE04A1pIDH9YMk,Rolling in the Deep,Adele,21,2011-01-24,79,2024-08-23T22:57:31Z
Top 50 - Great Britain,1fXtgfyrrmq3wdigRy24Ek,Dead Man Walking,Smiley,Dead Man Walking,2014-02-26,51,2025-05-28T07:12:23Z
Top 50 - Great Britain,1dNIEtp7AY3oDAKCGg2XkH,Something Just Like This,"The Chainsmokers, Coldplay",Something Just Like This,2017-02-22,72,2023-06-05T03:30:09Z
Top 50 - Great Britain,3zHq9ouUJQFQRf3cm1rRLu,"Love Me Like You Do - From ""Fifty Shades Of Grey""",Ellie Goulding,Love Like This,2023-08-24,0,2024-08-23T22:57:31Z
Top 50 - Great Britain,0KTDMHao38f23fe57Yui2O,The Last of Us,Gabriel Basco,The Last of Us,2025-05-13,44,2025-05-30T12:54:42Z
Top 50 - Great Britain,1zwMYTA5nlNjZxYrvBB2pV,Someone Like You,Adele,21,2011-01-24,81,2023-06-05T03:30:09Z
Top 50 - Great Britain,1HYKxEUzCGIhyPIyK8Vv9z,Dusk Till Dawn (feat. Sia),"ZAYN, Sia",Icarus Falls,2018-12-14,0,2023-06-05T03:30:09Z
Top 50 - Great Britain,3RiPr603aXAoi4GHyXx0uy,Hymn for the Weekend,Coldplay,A Head Full of Dreams,2015-12-04,83,2022-06-30T22:25:13Z
Top 50 - Great Britain,58zsLZPvfflaiIbNWoA22O,Human,Rag'n'Bone Man,Human (Deluxe),2017-02-10,78,2024-09-23T08:29:05Z
Top 50 - Great Britain,31LdGmDGKm1GWuLX4bLkqo,"Mine, Lord Willing",Pynk Beard,"Mine, Lord Willing",2025-06-13,33,2025-10-02T09:10:32Z
Top 50 - Great Britain,0puf9yIluy9W0vpMEUoAnN,Bang Bang,"Jessie J, Ariana Grande, Nicki Minaj",Sweet Talker (Deluxe Version),2014-10-10,2,2023-07-03T13:28:57Z
Top 50 - Great Britain,1xOqGUkyxGQRdCvGpvWKmL,Gabriela,KATSEYE,Gabriela,2025-06-20,93,2025-09-24T08:01:38Z
Top 50 - Great Britain,6nek1Nin9q48AVZcWs9e9D,Paradise,Coldplay,Mylo Xyloto,2011-10-24,84,2024-09-23T08:29:05Z
Top 50 - Great Britain,7tFiyTwD0nx5a1eklYtX2J,Bohemian Rhapsody - Remastered 2011,Queen,A Night At The Opera (2011 Remaster),1975-11-21,4,2023-07-03T13:28:57Z
Top 50 - Great Britain,3gjHnylel3PTRpjS44ocqr,Zombie,The Cranberries,The Best 90s Album In The World...Ever!,2021-05-25,1,2024-06-27T22:30:40Z
Top 50 - Great Britain,4PTG3Z6ehGkBFwjybzWkR8,Never Gonna Give You Up,Rick Astley,Whenever You Need Somebody,1987-11-12,4,2024-07-21T06:50:57Z
Top 50 - Great Britain,69uxyAqqPIsUyTO8txoP2M,Adventure of a Lifetime,Coldplay,A Head Full of Dreams,2015-12-04,83,2022-06-30T22:25:13Z
Top 50 - Great Britain,4ExpBFkBgqT7Uexuwo0lU4,What Makes You Beautiful,John Buckley,What Makes You Beautiful,2022-08-25,0,2024-08-23T22:57:31Z
Top 50 - Great Britain,5lF0pHbsJ0QqyIrLweHJPW,Burn,Ellie Goulding,Halcyon Days,2013-01-01,44,2024-08-23T22:57:31Z
Top 50 - Great Britain,1mXVgsBdtIVeCLJnSnmtdV,Too Good At Goodbyes,Sam Smith,The Thrill Of It All (Special Edition),2017-11-03,82,2024-08-23T22:57:31Z
Top 50 - Great Britain,1JSTJqkT5qHq8MDJnJbRE1,Every Breath You Take,The Police,Synchronicity (Remastered 2003),1983-06-17,90,2023-11-01T04:52:13Z
Top 50 - Great Britain,1HNkqx9Ahdgi1Ixy2xkKkL,Photograph,Ed Sheeran,x (Deluxe Edition),2014-06-21,86,2024-08-23T22:57:31Z
Top 50 - Great Britain,5Ohxk2dO5COHF1krpoPigN,Sign of the Times,Harry Styles,Harry Styles,2017-05-12,83,2022-06-30T22:25:13Z
Top 50 - Great Britain,7BqHUALzNBTanL6OvsqmC1,Happier,"Marshmello, Bastille",Happier,2018-08-17,10,2024-09-23T08:29:05Z
Top 50 - Great Britain,30FURVTCpbKyykjSEQzGkH,Back To Black,Amy Winehouse,Back To Black,2006-10-27,72,2024-09-23T08:29:05Z
Top 50 - Great Britain,75JFxkI2RXiU7L9VXzMkle,The Scientist,Coldplay,Dinner Party Anthems,2021-03-26,45,2023-03-03T04:29:06Z
Top 50 - Great Britain,1x3W8RZxW94lrVGhP95qA6,You Are The Reason - Duet Version,"Calum Scott, Leona Lewis",You Are The Reason (Duet Version),2018-02-09,0,2024-07-20T22:27:30Z
Top 50 - Great Britain,70LcF31zb1H0PyJoS1Sx1r,Creep,Radiohead,Pablo Honey,1993-02-22,5,2023-07-03T13:28:57Z
Top 50 - Great Britain,0PDUDa38GO8lMxLCRc4lL1,PILLOWTALK,ZAYN,PILLOWTALK,2016-01-29,62,2022-06-30T22:25:13Z
Top 50 - Great Britain,1wIyr1y5wiWqo7nqbxHpWt,FRIENDS,"Anne-Marie, Marshmello",Musica per fare trekking,2023-08-25,21,2024-07-21T06:50:57Z
Top 50 - Great Britain,5Nm9ERjJZ5oyfXZTECKmRt,Stay With Me,Sam Smith,In The Lonely Hour,2014-01-01,1,2024-07-21T06:50:57Z
Top 50 - Great Britain,7wuJGgpTNzbUyn26IOY6rj,Total Eclipse of the Heart,Bonnie Tyler,The Very Best of Bonnie Tyler,2009-03-26,80,2023-07-03T13:28:57Z
Top 50 - Great Britain,3AJwUDP919kvQ9QcozQPxg,Yellow,Coldplay,Parachutes,2000-07-10,91,2022-06-30T22:25:13Z
Top 50 - Great Britain,57iDDD9N9tTWe75x6qhStw,Bitter Sweet Symphony,The Verve,Urban Hymns (Deluxe / Remastered 2016),1997-09-29,1,2024-07-21T06:50:57Z
Top 50 - Great Britain,6PtXobrqImYfnpIxNsJApa,Bad (feat. Vassy) - Radio Edit,"David Guetta, Showtek, VASSY",Bad (feat. Vassy) [Radio Edit],2014-04-06,64,2022-10-02T23:35:49Z
Top 50 - Great Britain,13cE5zbrYEnrBJynZQbBcl,Someone You Loved,Lewis Capaldi,2000-talets Hits,2021-05-12,47,2024-07-21T06:50:57Z
Top 50 - Great Britain,5VSCgNlSmTV2Yq5lB40Eaw,Love Me Again,John Newman,Tribute,2013-01-01,0,2024-07-21T06:50:57Z
Top 50 - Great Britain,2K87XMYnUMqLcX3zvtAF4G,Drag Me Down,One Direction,Made In The A.M. (Deluxe Edition),2015-11-13,78,2023-07-03T13:28:57Z
Top 50 - Great Britain,6rmXhRIemCTPyMYZRDN7Qg,Black Magic,Little Mix,Get Weird (Deluxe),2015-11-06,1,2022-06-30T22:25:13Z
Top 50 - Great Britain,3JvKfv6T31zO0ini8iNItO,Another Love,Tom Odell,Long Way Down (Deluxe),2013-06-24,87,2022-06-30T22:25:13Z
Top 50 - Great Britain,1TfqLAPs4K3s2rJMoCokcS,Sweet Dreams (Are Made of This) - 2005 Remaster,"Eurythmics, Annie Lennox, Dave Stewart",Sweet Dreams (Are Made Of This),1983-01-04,83,2023-07-03T13:28:57Z
Top 50 - Great Britain,5O2P9iiztwhomNh8xkR9lJ,Night Changes,One Direction,FOUR (Deluxe),2014-11-17,86,2024-07-20T22:27:29Z
Top 50 - French,3igbfkHq3s5wGMvC8iAscj,PARISIENNE,"GIMS, La Mano 1.9",PARISIENNE,2025-08-01,80,2025-08-28T20:34:32Z
Top 50 - French,2uBKQbVcw8G9m34lGYM6VA,NINAO,GIMS,LE NORD SE SOUVIENT : L'ODYSSÉE,2025-02-20,74,2025-03-28T12:34:40Z
Top 50 - French,3JzeDkdvorMWUvaAnU7BCX,Tour du monde,"Soolking, L2B",Tour du monde,2025-07-24,73,2025-09-05T08:42:44Z
Top 50 - French,3SBBYSbzkLvx96bKzneYsF,Melrose Place,"KeBlack, Guy2Bezbar",Focus Mentalité,2025-04-04,73,2025-05-03T18:06:54Z
Top 50 - French,37tGmKyKlr8vyt9BVdoWQo,SOIS PAS TIMIDE,GIMS,SOIS PAS TIMIDE,2024-07-19,66,2024-08-25T19:58:13Z
Top 50 - French,7dzuYJwwtNnfcptmbD58aJ,4 Kampé,Joé Dwèt Filé,4 Kampé,2024-10-25,71,2024-11-22T10:46:39Z
Top 50 - French,7xWvRVssTTECvWCDNgCzSH,Soleil Bleu,"Bleu Soleil, LUIZA",Soleil Bleu,2025-04-11,80,2025-08-01T09:11:36Z
Top 50 - French,4mNttG8qiVh4BKrMUrUhCI,Minimum ça,Dr. Yaro,Minimum ça,2024-08-09,1,2024-11-13T22:33:42Z
Top 50 - French,2fFTn0f94EopgZyfSGQuyK,SPIDER,"GIMS, DYSTINCT",SPIDER,2024-05-10,66,2024-06-09T08:16:10Z
Top 50 - French,1i3eRYUhy28Nl0zwcQNOdZ,APPELLE TA COPINE,GIMS,APPELLE TA COPINE,2025-05-23,73,2025-06-26T12:12:57Z
Top 50 - French,78FNSZkI1968KTtyf2s315,CIEL,GIMS,CIEL,2024-09-13,67,2024-12-30T19:45:10Z
Top 50 - French,30D9x5LFgL2o9xidjX2wtE,Casanova,"Soolking, Gazo",Casanova,2023-07-06,67,2023-07-20T06:23:13Z
Top 50 - French,3Xta6s5k5IwdTfjLwYMa7O,Tout donner,"Naza, SDM",Tout donner,2025-05-30,64,2025-09-13T19:27:01Z
Top 50 - French,7arCRGABaKdEFvGa3gCM9d,Baddies,"Aya Nakamura, Joé Dwèt Filé",Baddies,2025-05-15,71,2025-06-15T19:48:36Z
Top 50 - French,3ejjmzEsUfObGdmmQRVmM2,Qui sait ? (feat. ElGrandeToto),"Niro, ElGrandeToto",Taulier,2023-02-10,64,2023-03-14T06:23:00Z
Top 50 - French,338wPdNyvOPGZddfk81EKA,CARRÉ OK,"Soolking, GIMS",CARRÉ OK,2024-12-12,61,2024-12-30T19:45:10Z
Top 50 - French,6ptu4Fyc5N5u4VLt81CCJF,Forévà,Tayc,TESTIMONY.,2024-12-13,65,2025-02-28T20:26:43Z
Top 50 - French,2QcTf5lLMrrWTiElDInpTb,I love you,"Dadju, Tayc",I love you,2023-12-08,61,2024-01-04T08:15:08Z
Top 50 - French,6bcDH1OOwuKzfsByqsQKhH,AIR FORCE BLANCHE,"GIMS, Jul",AIR FORCE BLANCHE,2025-06-20,74,2025-07-20T12:32:44Z
Top 50 - French,46vaBmVDzufp98VPJCwtAU,Whine,TKS 2G,Whine,2025-05-26,72,2025-08-20T08:33:10Z
Top 50 - French,2tT8SYE7NnNDKbBsHWPIDY,Monaco,Guy2Bezbar,Monaco,2024-07-11,65,2024-08-25T19:58:13Z
Top 50 - French,6JFw2mbcNfoFXnrk6AxGK6,Mood,KeBlack,Mood,2025-02-27,66,2025-03-28T12:34:40Z
Top 50 - French,6LChsTTDPShYFbzngKMSWK,TU ME RENDS BÊTE,"GIMS, Damso",TU ME RENDS BÊTE,2025-08-15,72,2025-10-02T10:54:33Z
Top 50 - French,2ImdwbujxKFxN1UxEvf2dD,LAISSE MOI,KeBlack,LAISSE MOI,2023-09-08,60,2023-10-27T02:24:55Z
Top 50 - French,1R1deVa4LzVxzgFIpvS2O3,Tu Sais,Djadja & Dinaz,Tu Sais,2025-06-18,64,2025-09-24T07:49:08Z
Top 50 - French,79KzEOgXmAIG6yez6MxKdQ,M'envoler,"Jeck, Carla",M'envoler,2024-11-14,62,2025-03-28T12:34:40Z
Top 50 - French,3hBzKgqQKkChH9hyb3MhmT,I Think I Like You Better When You’re Gone,Reneé Rapp,BITE ME,2025-08-01,81,2025-10-02T10:54:33Z
Top 50 - French,2VpqibtjoozmqQee3KcOsF,Fini d’espérer,Lynda,Un peu de moi (Pt. 2),2024-02-09,35,2024-05-23T23:11:09Z
Top 50 - French,4VSR4ZWtfYgJwldRcNNFC3,C'est Fort,"Soolking, Ninho",C'est Fort,2025-06-25,62,2025-07-20T12:32:44Z
Top 50 - French,1xOqGUkyxGQRdCvGpvWKmL,Gabriela,KATSEYE,Gabriela,2025-06-20,93,2025-09-24T07:49:08Z
Top 50 - French,7C13bFjFdELL8ioTMtVbZ5,Balade,"1D1R, Vacra",Meraki,2025-03-21,69,2025-06-15T19:48:36Z
Top 50 - French,1edPU5OOn4YCWn9lR0nesC,Passe ton chemin,Lynda,Passe ton chemin,2024-06-14,61,2024-07-27T02:55:52Z
Top 50 - French,1ZHvGQZNz6HLbxhAtu7pin,Ma Meilleure Ennemie ft. Coldplay,"Stromae, Pomme, Coldplay, Elyanna, Arcane, League of Legends",Ma Meilleure Ennemie ft. Coldplay,2025-04-04,70,2025-05-30T07:21:20Z
Top 50 - French,0EzNyXyU7gHzj2TN8qYThj,Bolide allemand,SDM,Liens du 100,2022-12-01,0,2024-06-09T08:16:10Z
Top 50 - French,5cAzaNbU7AEgfsJgL9sbtX,Je pense à vous,Linh,Je pense à vous,2024-03-01,66,2025-04-25T11:35:23Z
Top 50 - French,0hQqfUxxTVwYW172Ble1oD,TOUCHÉ,"GIMS, KeBlack",TOUCHÉ,2025-04-11,62,2025-06-15T19:48:43Z
Top 50 - French,3PwfOXkcFmBhs7iXGymF5O,Épouse-moi,"Dadju, Tayc",HÉRITAGE,2024-02-16,47,2025-10-02T10:54:33Z
Top 50 - French,6eyghhEYVokzeUZnYmCxjI,Pichichi,Josas,Pichichi,2025-01-30,62,2025-04-25T11:35:23Z
Top 50 - French,6jElwivDtkQUv9QFGrdN26,Boucan (feat. Franglish),"KeBlack, Franglish",Boucan (feat. Franglish),2024-04-25,62,2024-05-23T23:11:09Z
Top 50 - French,1HXC5IiGUqTEFl18IJ42Lm,Coco,"Ninho, Niska",Coco,2024-07-12,60,2024-08-25T19:58:13Z
Top 50 - French,5PTRbObGxCYNkmzKcwY4RF,Je Vis Pour Elle (feat. Kendji Girac),"Andrea Bocelli, Kendji Girac",Je Vis Pour Elle (feat. Kendji Girac),2025-02-14,56,2025-08-28T20:34:33Z
Top 50 - French,78IAsKkQCiJvcZRJ1412UA,CONTACT,GIMS,CONTACT,2025-05-23,60,2025-09-05T08:42:44Z
Top 50 - French,61U7ZDXC4f5iKatYBwSegE,Simba,Dr. Yaro,Simba,2025-01-17,62,2025-05-03T18:06:55Z
Top 50 - French,6PcVlezWXunO2Bh78iEq0W,Feel Good,Charlotte Cardin,Feel Good,2023-09-15,67,2025-10-02T10:54:33Z
Top 50 - French,7heoPFrtuH6JU6AcfzjWHp,Pa Pa Paw,"Damso, SARAH SEY",BĒYĀH,2025-05-30,75,2025-09-09T18:43:13Z
Top 50 - French,0fltq9Zz9JUWU3NMqRXFY0,Me Enamore,RIDSA,Me Enamore,2025-02-07,69,2025-08-28T20:34:33Z
Top 50 - French,4ooqTbjU8YF488u6WEV8v2,MBIFE,"Tiakola, Genezio",FARA FARA GANG - BDLM EXTENSION,2025-06-20,65,2025-08-01T09:11:36Z
Top 50 - French,4XO9kZEztAPhjhXMfKXJ5m,Diali,"Nassi, Tawsen",Arabesque Vol. 3,2023-03-01,45,2025-04-11T12:00:46Z
Top 50 - French,5Pzh42xn3oAXHh4U7tVHMr,Ceux qu'on était,Pierre Garnier,Ceux qu'on était,2024-02-07,57,2025-10-02T10:54:34Z
Top 50 - French,3Hnni3uO01o6FDQObAo25P,Toi et moi,Jul,D&P à vie,2025-04-25,49,2025-09-24T07:49:08Z
JP Top 50,1tcEqPHAQCOKIHwUMQ2POT,LOVE LOVE LOVE,DREAMS COME TRUE,LOVE LOVE LOVE／嵐が来る,1995,36,2023-01-06T11:09:53Z
JP Top 50,19oxKZQilcf3pGhduW6TPg,WOW WAR TONIGHT〜時には起こせよムーヴメント〜 - TWO MILLION MIX,H Jungle With t,WOW WAR TONIGHT,1995-03-15,57,2023-01-06T11:11:03Z
JP Top 50,2jcDDdBy1foaBC8X9owMrZ,HELLO (Original Version),Masaharu Fukuyama,HELLO,1995,36,2023-01-06T11:11:48Z
JP Top 50,2CbDcSVFCbMSfLMoZiAFYN,Tomorrow never knows,Mr.Children,Tomorrow never knows,1994-11-10,63,2023-01-06T11:12:43Z
JP Top 50,2LEgqb2Hp8kMTNeZPI5SWI,シーソーゲーム～勇敢な恋の歌～,Mr.Children,シーソーゲーム～勇敢な恋の歌～,1995-08-10,39,2023-01-06T11:13:05Z
JP Top 50,05r9UOGb3CRKOJYjffnoOj,"Hello,Again～昔からある場所～",My Little Lover,"Hello,Again～昔からある場所～",1995-08-21,38,2023-01-06T11:13:31Z
JP Top 50,34FrFPPusGVFsZf3DvDBXz,奇跡の地球,桑田 佳祐 ＆ Mr.Children,TOP OF THE POPS,2002-11-27,49,2023-01-06T11:14:31Z
JP Top 50,5C71izLHMxykZhi8PE5e29,TOMORROW,Mayo Okamoto,TOMORROW/BLUE STAR,1995-05-10,42,2023-01-06T11:14:55Z
JP Top 50,0sVnyL71jTOuMt9TZ59bws,ロビンソン,SPITZ,ハチミツ,1995,65,2023-01-06T11:15:36Z
JP Top 50,3SOlzWZQ604wzUPxF8RfLg,LOVE PHANTOM,B'z,LOVE PHANTOM,1995-10-11,47,2023-01-06T11:16:03Z
JP Top 50,3fCqxjgZjsAzYSMzuH57Iy,CRAZY GONNA CRAZY - Radio Mix,TRF,CRAZY GONNA CRAZY,1995-01-01,35,2023-01-06T11:16:26Z
JP Top 50,47xVGnWeFFAHWKmXoM2pVw,【es】～Theme of es～,Mr.Children,【es】～Theme of es～,1995-08-10,24,2023-01-06T11:16:46Z
JP Top 50,1DCPNjIaSxNkOORVUOQ2to,ねがい,B'z,ねがい,1995-05-31,46,2023-01-06T11:17:04Z
JP Top 50,00GuuqRIM2y5DiMwmmHNVJ,"love me, I love you",B'z,"love me, I love you",1995-07-07,46,2023-01-06T11:17:26Z
JP Top 50,4R5K5R2hkq6mh2YBqJaUCM,masquerade,TRF,WORKS -THE BEST OF TRF-,1998-01-01,29,2023-10-19T12:15:38Z
JP Top 50,53kyjEQUb1fGT3gE0nf0YP,KNOCKIN' ON YOUR DOOR,L⇔R,KNOCKIN' ON YOUR DOOR,1995-05-03,32,2023-01-06T11:19:21Z
JP Top 50,08WMcRBYuUEzTnbQ5v9wuq,ら･ら･ら (2019 Remastered),Maki Ohguro,LA.LA.LA (2019 Remastered),1995-07-19,56,2023-01-06T11:19:57Z
JP Top 50,4LTM1Ib8WdAHbUy05Blh5q,MOTEL,B'z,MOTEL,1994-11-21,36,2023-01-06T11:20:19Z
JP Top 50,0ziJyxfu8x1YnSoQIHWnQB,ズルい女,Sharam Q,ズルい女,1995,34,2023-01-06T11:20:43Z
JP Top 50,13e6vFWRVS2cwn7oRnPBY6,GOING GOING HOME,H Jungle With t,GOING GOING HOME,1995-07-19,49,2023-01-06T11:21:05Z
JP Top 50,4FRhnocrpBGqXSogr6DTL6,everybody goes～秩序のない現代にドロップキック～,Mr.Children,everybody goes～秩序のない現代にドロップキック～,1994-12-12,23,2023-01-06T11:21:29Z
JP Top 50,4rtw6OgufyAqimZSrQxgMS,突然,ZARD,TODAY IS ANOTHER DAY,1996-07-08,50,2025-08-10T05:41:49Z
JP Top 50,6lORdMRlhsAq13TAvpbu8s,シングルベッド,Sharam Q,シングルベッド,1994,38,2023-01-06T11:22:56Z
JP Top 50,1lEcNMnqk05TMXxLnVCwe1,あなただけを ～Summer Heartbreak～,サザンオールスターズ,あなただけを ～Summer Heartbreak～,1995-07-17,40,2023-01-06T11:23:19Z
JP Top 50,4x5jqG2euYgJb28dOvKQnA,サンキュ.,DREAMS COME TRUE,サンキュ.,1995,38,2023-01-06T11:23:42Z
JP Top 50,2lGUCMcXm7SoOHPMqRZ2pC,Overnight Sensation 〜時代はあなたに委ねてる〜,TRF,Overnight Sensation,1995-03-08,33,2023-01-06T11:24:02Z
JP Top 50,5tbrCyV9bRW6ZP1WWjIPw7,旅人のうた,中島みゆき,旅人のうた,1995-05-19,44,2023-01-06T11:24:26Z
JP Top 50,15iMS4WkGPovZ5pU7sPoRY,碧いうさぎ,Noriko Sakai,碧いうさぎ,2017-03-15,35,2023-01-06T11:25:03Z
JP Top 50,02kBYC3M7ss43dr7i8ADyT,涙がキラリ☆,SPITZ,ハチミツ,1995,50,2023-01-06T11:25:41Z
JP Top 50,5MIYbpRYfWwkxL8QW6z6v6,ゆずれない願い - Complete ver,Naomi Tamura,ゆずれない願い (Complete ver),2020-05-12,45,2023-10-19T12:24:11Z
JP Top 50,0sJqsssN3282obdpFS6Hot,Man&Woman,My Little Lover,Man&Woman,1995-05-01,28,2023-10-19T12:26:20Z
JP Top 50,0nBOGZXoGWD5Ngi1X7UMIB,DA・YO・NE,EAST END + YURI,demim-ed soul,1994-06-25,29,2023-10-19T12:28:07Z
JP Top 50,4Gur8MH3dWEOq5PiOq2Pqf,POISON,HOTEI,POISON,1995-01-25,48,2023-10-19T12:30:00Z
JP Top 50,3qWJQjlID7WXasQNMw7Avd,君がいたから,ZARD,TODAY IS ANOTHER DAY,1996-07-08,37,2025-08-10T05:47:34Z
JP Top 50,0jTsODpz9AXkZGifBXRs2U,Feel Like dance - Original Mix,globe,Feel Like dance,1995-08-09,35,2023-10-19T12:31:57Z
JP Top 50,1BZnc6VaggPnrQyjem5Dpf,Message (Original Version),Masaharu Fukuyama,Message/今 このひとときが 遠い夢のように,1995,30,2023-10-19T12:33:44Z
JP Top 50,2fS3J1j38zkWnkqLQemUMq,いちばん近くにいてね (2019 Remastered),Maki Ohguro,LA.LA.LA (2019 Remastered),1995-07-19,42,2023-10-19T12:35:44Z
JP Top 50,0bYg9bo50gSsH3LtXe2SQn,All I Want for Christmas Is You,Mariah Carey,Merry Christmas,1994-10-28,74,2023-10-19T12:38:08Z
JP Top 50,0Mduptb8AahXnlkxGoMMS9,晴天を誉めるなら夕暮れを待て,ASKA,晴天を誉めるなら夕暮れを待て,1995-01-01,22,2024-12-25T03:03:49Z
JP Top 50,1bj9CWxntiwfSQ3ngOk4Er,めぐり逢い,CHAGE and ASKA,めぐり逢い,1994-11-16,30,2024-10-23T11:50:56Z
JP Top 50,3ATkrVYSjxzpKHd8G0RD1y,空を見なよ,Sharam Q,空を見なよ,1995,19,2023-10-19T12:44:09Z
JP Top 50,4ySfHhrWdFjnHWFGOhQEOq,あなたを感じていたい,ZARD,あなたを感じていたい,1994-12-24,40,2023-10-19T12:46:51Z
JP Top 50,,TRY ME ～私を信じて～,安室奈美恵 with SUPER MONKEY'S,ORIGINAL TRACKS VOL. 1,,0,2023-11-23T12:18:03Z
JP Top 50,4j7A4J7FvPu1OftuyWZWSL,恋の罠しかけましょ 〜FUNK THE PEANUTSのテーマ〜,FUNK THE PEANUTS,恋の罠しかけましょ　〜FUNK THE PEANUTSのテーマ〜,1995,35,2023-10-19T12:53:03Z
JP Top 50,7z29z6sF1gPAXQm9952NqQ,Joy to the love(globe) - Original Mix,globe,Joy to the love(globe),1995-09-27,30,2023-10-19T12:54:59Z
JP Top 50,7kNC1R1e8ingUKeZBYIMVI,愛が見えない,ZARD,愛が見えない,1995-06-05,38,2023-10-19T12:56:34Z
JP Top 50,0NoF3p7QaRjeQprbPSXIrh,春よ、来い,Yumi Matsutoya,春よ、来い,1994-10-24,37,2023-10-19T12:58:10Z
JP Top 50,4G9cmAjNnspcwOzUWZPFCL,Over Drive,JUDY AND MARY,Over Drive,1995,26,2023-10-19T13:00:23Z
JP Top 50,3Mal624OZMxzJwxEyBBbSY,名もなき詩,Mr.Children,名もなき詩,1996-02-05,40,2023-01-06T11:26:11Z
JP Top 50,2ggw0Py9eptisSvB1xkgkc,DEPARTURES - RADIO EDIT,globe,DEPARTURES,1996-01-01,52,2023-01-06T11:26:43Z
Top 50 - Brasil,7EknynLJTt9YMm1HL37s5D,P do Pecado - Ao Vivo,"Grupo Menos É Mais, Simone Mendes",P do Pecado (Ao Vivo),2025-04-29,86,2025-05-16T18:33:11Z
Top 50 - Brasil,6Emsu0BaMpG0ilZCRT8KHZ,Tubarões - Ao Vivo,Diego & Victor Hugo,Tubarões (Ao Vivo),2025-02-13,81,2025-03-25T17:11:03Z
Top 50 - Brasil,4SjcIkVc4cvFgURD1EHxDM,Eu Me Apaixonei,Vitinho Imperador,Eu Me Apaixonei,2025-02-27,81,2025-09-18T13:55:07Z
Top 50 - Brasil,17tg01y3RhlfRKMnd333yL,Apaga Apaga Apaga - Ao Vivo,Danilo e Davi,Toma Essa Verdade (Ao Vivo),2024-08-09,83,2025-01-29T19:49:45Z
Top 50 - Brasil,4bxyHku6rNffRealVxu30p,Pela Última Vez - Ao Vivo,"Grupo Menos É Mais, NATTAN",Pela Última Vez (Ao Vivo),2025-08-20,82,2025-08-28T16:36:53Z
Top 50 - Brasil,3R8dmcSyROSR73XsdeSd7g,Opa Cadê Eu - Ao Vivo,Clayton & Romário,Ao Vivo em Brasília (Vol.2),2025-02-06,80,2025-09-01T16:28:44Z
Top 50 - Brasil,4c4tcqYfqiFc527gqNdRE5,Se Eu Te Perdoar - Ao Vivo,"Clayton & Romário, Zé Felipe",Se Eu Te Perdoar (Ao Vivo),2025-09-11,80,2025-09-12T00:06:40Z
Top 50 - Brasil,1wubETHu3SeJHfbz9itEH0,Última Saudade - Ao Vivo,Henrique & Juliano,Manifesto Musical 2 (Ao Vivo / EP1),2024-09-27,77,2024-10-17T16:44:36Z
Top 50 - Brasil,2W8XL6iRGMmGHpqW2TKcXc,Pelo Bem da Minha Saudade,Gusttavo Lima,Feito À Mão Vol. 01,2025-08-13,78,2025-08-14T01:52:16Z
Top 50 - Brasil,1I6TdHxz61Kf9EFje0dQvg,OLHO MARROM - Ao Vivo em Lisboa,Luan Santana,OLHO MARROM - Ao Vivo em Lisboa,2025-09-25,67,2025-09-26T00:21:38Z
Top 50 - Brasil,4Nj2zoYULwyYnJTU3AZf6B,Dama do Baralho - Ao Vivo,Diego & Victor Hugo,Ao Vivo Em Uberlândia Vol. 01,2025-03-27,75,2025-09-11T13:10:59Z
Top 50 - Brasil,2GylVVMD21R4SqgAt8gGC5,Eu Vou na Sua Casa,"Felipe Amorim, Vitão, BIN, Malibu",RomantiDog,2025-06-16,81,2025-08-28T16:36:47Z
Top 50 - Brasil,5CMnJKiTnUYNL2TiqmlLzY,Todo Mundo Menos Eu - Ao Vivo,"Hugo & Guilherme, Ana Castela",SÓ SE VIVE UMA VEZ ❤️❌ Vol.1 (Ao Vivo),2025-09-04,63,2025-09-05T01:03:39Z
Top 50 - Brasil,2ejSYn4SfoE07mXPlnYVED,Ama Um Maloqueiro,"Rafa e Junior, Hugo & Guilherme, DJ Ari SL",Ama Um Maloqueiro,2025-05-22,84,2025-06-12T16:59:38Z
Top 50 - Brasil,1SelttS2mueDntyefQGi7s,Baqueado - Ao Vivo,"Panda, Ícaro e Gilmar, MJ Records",Baqueado (Ao Vivo),2024-12-19,75,2025-06-12T17:00:15Z
Top 50 - Brasil,2Hw0LzrD6ic8AckKBxJhiO,Deixa Eu - Ao Vivo,Murilo Huff,Acústico (Ao Vivo),2025-08-14,81,2025-08-15T00:42:20Z
Top 50 - Brasil,3Bn5vG7vienkREO35aoaKK,Ilusão De Ótica - Ao Vivo,"Matheus & Kauan, Ana Castela",Ilusão De Ótica (Ao Vivo),2025-01-22,77,2025-03-06T18:37:27Z
Top 50 - Brasil,2yo0j2FctlAjVUP3PLl0i1,Mudou O Texto,Danilo e Davi,Iniciando Os Trabalhos - Vol. 1,2025-06-18,76,2025-07-25T16:15:44Z
Top 50 - Brasil,40WZQRA3T6WZFIgskIAAz7,Saudade Proibida - Ao Vivo,Simone Mendes,Saudade Proibida (Ao Vivo),2025-04-04,80,2025-04-30T18:05:05Z
Top 50 - Brasil,1Vsh9frTSsEwqwcbvZpItT,Vai Cair Água - Ao Vivo,"Diego & Arnaldo, Zé Neto & Cristiano",Vai Cair Água (Ao Vivo),2025-06-20,77,2025-07-05T04:58:52Z
Top 50 - Brasil,0EfOfW72dE43humkvijiYq,Vacilona - Ao Vivo,"Kaique e Felipe, Luan Pereira",Vacilona (Ao Vivo),2025-06-25,77,2025-10-02T19:13:32Z
Top 50 - Brasil,2mpGU5kPAtPjN7SiovHE1C,Meu Tchau É Uma Vez Só - Ao Vivo,Mari Fernandez,Mari no Barzinho (Ao Vivo em BH),2025-09-25,60,2025-09-26T13:51:10Z
Top 50 - Brasil,1FoV9rUsKIecaQpSap2YLn,Quarto 67 - Ao Vivo,"Guilherme & Benuto, Luan Santana","+ Amor, + Música (Ao Vivo)",2025-09-18,66,2025-09-19T00:39:31Z
Top 50 - Brasil,3wBaigHNAAsg2MnXIfNRSu,Camisola e Fio - Ao Vivo,"Diego & Victor Hugo, Lauana Prado",Camisola e Fio (Ao Vivo),2025-06-12,75,2025-09-11T00:16:40Z
Top 50 - Brasil,2hbhAEmz8mqUiwiRrenojL,Bobo é Eu,"Henry Freitas, Diego & Victor Hugo",Bobo é Eu,2025-09-04,72,2025-09-05T00:52:30Z
Top 50 - Brasil,47lS4QkejzTxY058UmbQhv,Apaixona Muita Gente - Ao Vivo,"CountryBeat, Rionegro & Solimões",Apaixona Muita Gente (Ao Vivo),2025-08-13,75,2025-08-23T23:38:04Z
Top 50 - Brasil,71WvyOQDlFcrbwdGP8Xfmk,Sigo Sofrendo - Ao Vivo,"Guilherme & Santiago, Ana Castela",Sigo Sofrendo (Ao Vivo),2025-09-11,70,2025-09-12T22:38:49Z
Top 50 - Brasil,3tA0vALUwrzkTgHcm9j6oJ,Notificação Preferida - Ao Vivo,Zé Neto & Cristiano,Esquece o Mundo Lá Fora (Ao Vivo | Deluxe),2018-07-13,76,2025-09-05T01:16:51Z
Top 50 - Brasil,4QZqSqxdcgAbtZle4MS4ph,Retrovisor,Gusttavo Lima,Feito À Mão Vol. 01,2025-08-13,80,2025-08-13T23:40:07Z
Top 50 - Brasil,54v7ywx1TrIStJl3SaTGYh,Respeitando Minha Saudade - Ao Vivo,Diego & Victor Hugo,Ao Vivo Em Uberlândia Vol. 02,2025-08-07,65,2025-08-08T01:36:29Z
Top 50 - Brasil,5BI4zdNsBNEBSPzYkO2EXZ,DENTRO DA LAND ROVER - Ao Vivo,"Luan Pereira, Felipe Amorim","DEBAIXO DO MEU CHAPÉU, Vol. 2",2025-09-18,68,2025-09-19T00:56:22Z
Top 50 - Brasil,2edxm0kdL7puUTm3ZCzRAy,Os Corações Não São Iguais - Ao Vivo,Traia Véia,Traia Acústico (Ao Vivo),2025-07-24,71,2025-08-15T17:22:45Z
Top 50 - Brasil,0FI8U5wsGnUMXM0d1QZeZm,Andar de Baixo - Ao Vivo,"Diego & Victor Hugo, NATTAN",Andar de Baixo (Ao Vivo),2025-09-11,71,2025-09-12T00:27:07Z
Top 50 - Brasil,587Lf3LyhC8smoFnNIQtn3,Eu Te Seguro - Ao Vivo,"Panda, MJ Records",Eu Te Seguro (Ao Vivo),2025-09-18,70,2025-09-20T00:25:45Z
Top 50 - Brasil,3ZbetlcfZ0tgVWdvnRzuLB,Melzinho,"Talita Mel, Xand Avião",Na Pegada da Talita,2025-05-14,73,2025-08-08T02:05:17Z
Top 50 - Brasil,1oJEZzbrzsxH5o5KryEG2I,Fama De Ruim - Ao Vivo,Lauana Prado,Raiz BH (Ao Vivo),2025-09-26,56,2025-10-02T17:48:07Z
Top 50 - Brasil,0bor3AJ8QV6RRbyV64ZsOO,Cortando as BR (F&J 10 Anos) - Ao Vivo,"Fiduma & Jeca, Fernando & Sorocaba",Cortando as BR (F&J 10 Anos) [Ao Vivo],2024-05-16,68,2024-10-17T16:48:37Z
Top 50 - Brasil,5RTi6RMcN6mMkniWOWsi2j,Coração Na Cancela - Ao Vivo,"Os Barões Da Pisadinha, Iguinho e Lulinha",Coração Na Cancela (Ao Vivo),2025-08-13,58,2025-09-25T22:30:37Z
Top 50 - Brasil,4Ce7oKVLOx6VMMfzaevmMM,Poder Que Cê Tem - Ao Vivo,Fred & Fabrício,Poder Que Cê Tem (Ao Vivo),2025-09-18,64,2025-09-19T11:22:45Z
Top 50 - Brasil,7nLtLBvndyaAZnUGZ7IM0x,Vai Que Bate um Vento - Ao Vivo,"Fiduma & Jeca, Rionegro & Solimões",Vai Que Bate um Vento (Ao Vivo),2025-07-10,70,2025-07-11T02:09:19Z
Top 50 - Brasil,4MoKd10ZSMkFZddrl5kwuN,Apaixonado Raiz (Tututu) - Ao Vivo,Turma do Pagode,Apaixonado Raiz (Tututu) [Ao Vivo],2025-09-11,67,2025-09-22T16:24:49Z
Top 50 - Brasil,6lrQgEPTuOKyvn4bQJuaRU,NÃO ERA LOVE,"Luan Pereira, MC Tuto, Grelo",NÃO ERA LOVE,2025-04-03,71,2025-04-30T18:03:58Z
Top 50 - Brasil,6NSDoPHZsEkAVeXF3VJDRQ,Meu Jeito de Amar - Ao Vivo,"Theuzinho, Raphaela Santos",Meu Jeito de Amar (Ao Vivo),2025-05-16,47,2025-06-12T17:01:10Z
Top 50 - Brasil,1daiWH5HMrDH9I8r3LIhqb,Gerente da Sicredi,"Bruno & Barretto, CountryBeat",Gerente da Sicredi,2025-04-10,73,2025-09-05T18:35:28Z
Top 50 - Brasil,2k7EhDUKXApmeYVew9xeDf,Pilantra e Meio,"Eric Land, Natanzinho Lima",Pilantra e Meio,2024-11-08,69,2024-12-04T19:12:43Z
Top 50 - Brasil,0uAFGvNJOQMyB4UZN7qoIB,Seis Cordas / Baião de Dois / Cavalo Lampião - Ao Vivo,Wesley Safadão,Bem-Vindo ao Meu Mundo - Forró & Vaquejada (Ao Vivo),2025-03-07,68,2025-05-27T16:16:21Z
Top 50 - Brasil,4GvuFO1fp1vVILm9DeSGW6,Buquê de Bebida - Ao Vivo,Danilo e Davi,Iniciando Os Trabalhos,2025-09-25,58,2025-09-26T00:37:18Z
Top 50 - Brasil,5agC5wI07VVfe5dQfXmud8,Princesa - Ao Vivo,"Gustavo Mioto, Ana Castela",Princesa (Ao Vivo),2025-05-22,71,2025-07-03T20:16:21Z
Top 50 - Brasil,3GTSSm8yi3l972EcXdKnrc,Medida Protetiva - Ao Vivo,"João Bosco & Vinícius, Gusttavo Lima","Deixa o Barulho, EP 1 (Ao Vivo)",2025-09-11,69,2025-09-12T00:58:17Z
Top 50 - Brasil,6v46jy0bNem1EIbjtfJyee,DONA - Ao Vivo,"Luan Santana, Léo Foguete",DONA (Ao Vivo),2025-04-24,71,2025-05-16T18:35:59Z
